{
  "taglineBottomRendered": -27.53035836696625,
  "cocoroTopRendered": -4.976083033084873,
  "gapVp": 22.554275333881378,
  "ctaTop": 610.109375,
  "stackHeight": 485.109375
}